bigram,category,value
donald_trump,U.S. NEWS,0.0
hillari_clinton,U.S. NEWS,0.0
new_york,U.S. NEWS,24.0
white_hous,U.S. NEWS,7.0
berni_sander,U.S. NEWS,0.0
suprem_court,U.S. NEWS,14.0
health_care,U.S. NEWS,0.0
climat_chang,U.S. NEWS,3.0
new_year,U.S. NEWS,3.0
look_like,U.S. NEWS,0.0
fashion_week,U.S. NEWS,0.0
studi_find,U.S. NEWS,0.0
super_bowl,U.S. NEWS,4.0
morn_email,U.S. NEWS,0.0
stephen_colbert,U.S. NEWS,0.0
north_korea,U.S. NEWS,0.0
kim_kardashian,U.S. NEWS,0.0
ted_cruz,U.S. NEWS,0.0
need_know,U.S. NEWS,0.0
fox_news,U.S. NEWS,0.0
taylor_swift,U.S. NEWS,0.0
valentin_day,U.S. NEWS,0.0
mother_day,U.S. NEWS,0.0
paul_ryan,U.S. NEWS,0.0
social_medium,U.S. NEWS,4.0
photo_poll,U.S. NEWS,0.0
sexual_assault,U.S. NEWS,7.0
joe_biden,U.S. NEWS,3.0
michell_obama,U.S. NEWS,0.0
jimmi_kimmel,U.S. NEWS,0.0
game_throne,U.S. NEWS,0.0
trump_administr,U.S. NEWS,6.0
red_carpet,U.S. NEWS,0.0
high_school,U.S. NEWS,5.0
open_letter,U.S. NEWS,0.0
istar_war,U.S. NEWS,0.0
mental_health,U.S. NEWS,0.0
jimmi_fallon,U.S. NEWS,0.0
trump_say,U.S. NEWS,0.0
box_offic,U.S. NEWS,0.0
york_citi,U.S. NEWS,8.0
kate_middleton,U.S. NEWS,0.0
north_carolina,U.S. NEWS,5.0
sexual_harass,U.S. NEWS,0.0
kany_west,U.S. NEWS,0.0
week_photo,U.S. NEWS,0.0
plan_parenthood,U.S. NEWS,0.0
trevor_noah,U.S. NEWS,0.0
marco_rubio,U.S. NEWS,0.0
mike_penni,U.S. NEWS,3.0
donald_trump,PARENTING,0.0
hillari_clinton,PARENTING,0.0
new_york,PARENTING,13.0
white_hous,PARENTING,0.0
berni_sander,PARENTING,0.0
suprem_court,PARENTING,0.0
health_care,PARENTING,0.0
climat_chang,PARENTING,0.0
new_year,PARENTING,25.0
look_like,PARENTING,16.0
fashion_week,PARENTING,0.0
studi_find,PARENTING,25.0
super_bowl,PARENTING,9.0
morn_email,PARENTING,0.0
stephen_colbert,PARENTING,0.0
north_korea,PARENTING,0.0
kim_kardashian,PARENTING,0.0
ted_cruz,PARENTING,0.0
need_know,PARENTING,23.0
fox_news,PARENTING,0.0
taylor_swift,PARENTING,0.0
valentin_day,PARENTING,19.0
mother_day,PARENTING,73.0
paul_ryan,PARENTING,0.0
social_medium,PARENTING,31.0
photo_poll,PARENTING,0.0
sexual_assault,PARENTING,0.0
joe_biden,PARENTING,0.0
michell_obama,PARENTING,10.0
jimmi_kimmel,PARENTING,10.0
game_throne,PARENTING,0.0
trump_administr,PARENTING,0.0
red_carpet,PARENTING,0.0
high_school,PARENTING,15.0
open_letter,PARENTING,35.0
istar_war,PARENTING,0.0
mental_health,PARENTING,16.0
jimmi_fallon,PARENTING,0.0
trump_say,PARENTING,0.0
box_offic,PARENTING,0.0
york_citi,PARENTING,0.0
kate_middleton,PARENTING,10.0
north_carolina,PARENTING,0.0
sexual_harass,PARENTING,0.0
kany_west,PARENTING,0.0
week_photo,PARENTING,0.0
plan_parenthood,PARENTING,0.0
trevor_noah,PARENTING,0.0
marco_rubio,PARENTING,0.0
mike_penni,PARENTING,0.0
donald_trump,COMEDY,581.0
hillari_clinton,COMEDY,38.0
new_york,COMEDY,11.0
white_hous,COMEDY,45.0
berni_sander,COMEDY,22.0
suprem_court,COMEDY,0.0
health_care,COMEDY,11.0
climat_chang,COMEDY,12.0
new_year,COMEDY,11.0
look_like,COMEDY,21.0
fashion_week,COMEDY,0.0
studi_find,COMEDY,0.0
super_bowl,COMEDY,24.0
morn_email,COMEDY,0.0
stephen_colbert,COMEDY,283.0
north_korea,COMEDY,7.0
kim_kardashian,COMEDY,0.0
ted_cruz,COMEDY,18.0
need_know,COMEDY,0.0
fox_news,COMEDY,28.0
taylor_swift,COMEDY,0.0
valentin_day,COMEDY,13.0
mother_day,COMEDY,0.0
paul_ryan,COMEDY,19.0
social_medium,COMEDY,7.0
photo_poll,COMEDY,0.0
sexual_assault,COMEDY,0.0
joe_biden,COMEDY,6.0
michell_obama,COMEDY,0.0
jimmi_kimmel,COMEDY,143.0
game_throne,COMEDY,16.0
trump_administr,COMEDY,10.0
red_carpet,COMEDY,0.0
high_school,COMEDY,0.0
open_letter,COMEDY,0.0
istar_war,COMEDY,20.0
mental_health,COMEDY,0.0
jimmi_fallon,COMEDY,135.0
trump_say,COMEDY,0.0
box_offic,COMEDY,0.0
york_citi,COMEDY,0.0
kate_middleton,COMEDY,0.0
north_carolina,COMEDY,0.0
sexual_harass,COMEDY,0.0
kany_west,COMEDY,10.0
week_photo,COMEDY,0.0
plan_parenthood,COMEDY,0.0
trevor_noah,COMEDY,166.0
marco_rubio,COMEDY,0.0
mike_penni,COMEDY,11.0
donald_trump,WORLD NEWS,17.0
hillari_clinton,WORLD NEWS,0.0
new_york,WORLD NEWS,0.0
white_hous,WORLD NEWS,0.0
berni_sander,WORLD NEWS,0.0
suprem_court,WORLD NEWS,6.0
health_care,WORLD NEWS,0.0
climat_chang,WORLD NEWS,17.0
new_year,WORLD NEWS,5.0
look_like,WORLD NEWS,0.0
fashion_week,WORLD NEWS,0.0
studi_find,WORLD NEWS,0.0
super_bowl,WORLD NEWS,0.0
morn_email,WORLD NEWS,0.0
stephen_colbert,WORLD NEWS,0.0
north_korea,WORLD NEWS,166.0
kim_kardashian,WORLD NEWS,0.0
ted_cruz,WORLD NEWS,0.0
need_know,WORLD NEWS,9.0
fox_news,WORLD NEWS,0.0
taylor_swift,WORLD NEWS,0.0
valentin_day,WORLD NEWS,0.0
mother_day,WORLD NEWS,0.0
paul_ryan,WORLD NEWS,0.0
social_medium,WORLD NEWS,5.0
photo_poll,WORLD NEWS,0.0
sexual_assault,WORLD NEWS,0.0
joe_biden,WORLD NEWS,0.0
michell_obama,WORLD NEWS,0.0
jimmi_kimmel,WORLD NEWS,0.0
game_throne,WORLD NEWS,0.0
trump_administr,WORLD NEWS,7.0
red_carpet,WORLD NEWS,0.0
high_school,WORLD NEWS,0.0
open_letter,WORLD NEWS,0.0
istar_war,WORLD NEWS,0.0
mental_health,WORLD NEWS,0.0
jimmi_fallon,WORLD NEWS,0.0
trump_say,WORLD NEWS,6.0
box_offic,WORLD NEWS,0.0
york_citi,WORLD NEWS,0.0
kate_middleton,WORLD NEWS,0.0
north_carolina,WORLD NEWS,0.0
sexual_harass,WORLD NEWS,6.0
kany_west,WORLD NEWS,0.0
week_photo,WORLD NEWS,0.0
plan_parenthood,WORLD NEWS,0.0
trevor_noah,WORLD NEWS,0.0
marco_rubio,WORLD NEWS,0.0
mike_penni,WORLD NEWS,0.0
donald_trump,CULTURE & ARTS,0.0
hillari_clinton,CULTURE & ARTS,0.0
new_york,CULTURE & ARTS,13.0
white_hous,CULTURE & ARTS,0.0
berni_sander,CULTURE & ARTS,0.0
suprem_court,CULTURE & ARTS,0.0
health_care,CULTURE & ARTS,0.0
climat_chang,CULTURE & ARTS,0.0
new_year,CULTURE & ARTS,0.0
look_like,CULTURE & ARTS,2.0
fashion_week,CULTURE & ARTS,0.0
studi_find,CULTURE & ARTS,0.0
super_bowl,CULTURE & ARTS,0.0
morn_email,CULTURE & ARTS,0.0
stephen_colbert,CULTURE & ARTS,0.0
north_korea,CULTURE & ARTS,0.0
kim_kardashian,CULTURE & ARTS,0.0
ted_cruz,CULTURE & ARTS,0.0
need_know,CULTURE & ARTS,0.0
fox_news,CULTURE & ARTS,0.0
taylor_swift,CULTURE & ARTS,0.0
valentin_day,CULTURE & ARTS,0.0
mother_day,CULTURE & ARTS,0.0
paul_ryan,CULTURE & ARTS,0.0
social_medium,CULTURE & ARTS,0.0
photo_poll,CULTURE & ARTS,0.0
sexual_assault,CULTURE & ARTS,0.0
joe_biden,CULTURE & ARTS,0.0
michell_obama,CULTURE & ARTS,0.0
jimmi_kimmel,CULTURE & ARTS,0.0
game_throne,CULTURE & ARTS,0.0
trump_administr,CULTURE & ARTS,0.0
red_carpet,CULTURE & ARTS,0.0
high_school,CULTURE & ARTS,0.0
open_letter,CULTURE & ARTS,0.0
istar_war,CULTURE & ARTS,0.0
mental_health,CULTURE & ARTS,0.0
jimmi_fallon,CULTURE & ARTS,0.0
trump_say,CULTURE & ARTS,0.0
box_offic,CULTURE & ARTS,0.0
york_citi,CULTURE & ARTS,0.0
kate_middleton,CULTURE & ARTS,0.0
north_carolina,CULTURE & ARTS,0.0
sexual_harass,CULTURE & ARTS,0.0
kany_west,CULTURE & ARTS,0.0
week_photo,CULTURE & ARTS,2.0
plan_parenthood,CULTURE & ARTS,0.0
trevor_noah,CULTURE & ARTS,0.0
marco_rubio,CULTURE & ARTS,0.0
mike_penni,CULTURE & ARTS,0.0
donald_trump,TECH,5.0
hillari_clinton,TECH,0.0
new_york,TECH,17.0
white_hous,TECH,6.0
berni_sander,TECH,0.0
suprem_court,TECH,0.0
health_care,TECH,0.0
climat_chang,TECH,5.0
new_year,TECH,0.0
look_like,TECH,4.0
fashion_week,TECH,0.0
studi_find,TECH,3.0
super_bowl,TECH,3.0
morn_email,TECH,0.0
stephen_colbert,TECH,0.0
north_korea,TECH,0.0
kim_kardashian,TECH,0.0
ted_cruz,TECH,0.0
need_know,TECH,6.0
fox_news,TECH,0.0
taylor_swift,TECH,0.0
valentin_day,TECH,0.0
mother_day,TECH,0.0
paul_ryan,TECH,0.0
social_medium,TECH,22.0
photo_poll,TECH,0.0
sexual_assault,TECH,0.0
joe_biden,TECH,0.0
michell_obama,TECH,0.0
jimmi_kimmel,TECH,0.0
game_throne,TECH,0.0
trump_administr,TECH,0.0
red_carpet,TECH,0.0
high_school,TECH,0.0
open_letter,TECH,0.0
istar_war,TECH,5.0
mental_health,TECH,0.0
jimmi_fallon,TECH,0.0
trump_say,TECH,0.0
box_offic,TECH,0.0
york_citi,TECH,4.0
kate_middleton,TECH,0.0
north_carolina,TECH,0.0
sexual_harass,TECH,0.0
kany_west,TECH,0.0
week_photo,TECH,0.0
plan_parenthood,TECH,0.0
trevor_noah,TECH,0.0
marco_rubio,TECH,0.0
mike_penni,TECH,0.0
donald_trump,SPORTS,38.0
hillari_clinton,SPORTS,0.0
new_york,SPORTS,43.0
white_hous,SPORTS,7.0
berni_sander,SPORTS,0.0
suprem_court,SPORTS,0.0
health_care,SPORTS,0.0
climat_chang,SPORTS,0.0
new_year,SPORTS,0.0
look_like,SPORTS,21.0
fashion_week,SPORTS,0.0
studi_find,SPORTS,0.0
super_bowl,SPORTS,117.0
morn_email,SPORTS,0.0
stephen_colbert,SPORTS,0.0
north_korea,SPORTS,0.0
kim_kardashian,SPORTS,0.0
ted_cruz,SPORTS,0.0
need_know,SPORTS,0.0
fox_news,SPORTS,0.0
taylor_swift,SPORTS,0.0
valentin_day,SPORTS,0.0
mother_day,SPORTS,0.0
paul_ryan,SPORTS,0.0
social_medium,SPORTS,0.0
photo_poll,SPORTS,0.0
sexual_assault,SPORTS,11.0
joe_biden,SPORTS,0.0
michell_obama,SPORTS,0.0
jimmi_kimmel,SPORTS,0.0
game_throne,SPORTS,0.0
trump_administr,SPORTS,0.0
red_carpet,SPORTS,0.0
high_school,SPORTS,38.0
open_letter,SPORTS,0.0
istar_war,SPORTS,0.0
mental_health,SPORTS,0.0
jimmi_fallon,SPORTS,0.0
trump_say,SPORTS,0.0
box_offic,SPORTS,0.0
york_citi,SPORTS,0.0
kate_middleton,SPORTS,0.0
north_carolina,SPORTS,12.0
sexual_harass,SPORTS,0.0
kany_west,SPORTS,0.0
week_photo,SPORTS,0.0
plan_parenthood,SPORTS,0.0
trevor_noah,SPORTS,0.0
marco_rubio,SPORTS,0.0
mike_penni,SPORTS,0.0
donald_trump,ENTERTAINMENT,386.0
hillari_clinton,ENTERTAINMENT,49.0
new_york,ENTERTAINMENT,52.0
white_hous,ENTERTAINMENT,30.0
berni_sander,ENTERTAINMENT,0.0
suprem_court,ENTERTAINMENT,0.0
health_care,ENTERTAINMENT,0.0
climat_chang,ENTERTAINMENT,0.0
new_year,ENTERTAINMENT,31.0
look_like,ENTERTAINMENT,54.0
fashion_week,ENTERTAINMENT,0.0
studi_find,ENTERTAINMENT,0.0
super_bowl,ENTERTAINMENT,66.0
morn_email,ENTERTAINMENT,0.0
stephen_colbert,ENTERTAINMENT,87.0
north_korea,ENTERTAINMENT,0.0
kim_kardashian,ENTERTAINMENT,171.0
ted_cruz,ENTERTAINMENT,0.0
need_know,ENTERTAINMENT,18.0
fox_news,ENTERTAINMENT,0.0
taylor_swift,ENTERTAINMENT,242.0
valentin_day,ENTERTAINMENT,0.0
mother_day,ENTERTAINMENT,0.0
paul_ryan,ENTERTAINMENT,0.0
social_medium,ENTERTAINMENT,41.0
photo_poll,ENTERTAINMENT,0.0
sexual_assault,ENTERTAINMENT,42.0
joe_biden,ENTERTAINMENT,0.0
michell_obama,ENTERTAINMENT,0.0
jimmi_kimmel,ENTERTAINMENT,70.0
game_throne,ENTERTAINMENT,201.0
trump_administr,ENTERTAINMENT,0.0
red_carpet,ENTERTAINMENT,60.0
high_school,ENTERTAINMENT,0.0
open_letter,ENTERTAINMENT,0.0
istar_war,ENTERTAINMENT,161.0
mental_health,ENTERTAINMENT,0.0
jimmi_fallon,ENTERTAINMENT,76.0
trump_say,ENTERTAINMENT,0.0
box_offic,ENTERTAINMENT,238.0
york_citi,ENTERTAINMENT,0.0
kate_middleton,ENTERTAINMENT,0.0
north_carolina,ENTERTAINMENT,0.0
sexual_harass,ENTERTAINMENT,49.0
kany_west,ENTERTAINMENT,137.0
week_photo,ENTERTAINMENT,0.0
plan_parenthood,ENTERTAINMENT,0.0
trevor_noah,ENTERTAINMENT,29.0
marco_rubio,ENTERTAINMENT,0.0
mike_penni,ENTERTAINMENT,0.0
donald_trump,POLITICS,2993.0
hillari_clinton,POLITICS,1052.0
new_york,POLITICS,205.0
white_hous,POLITICS,621.0
berni_sander,POLITICS,626.0
suprem_court,POLITICS,560.0
health_care,POLITICS,395.0
climat_chang,POLITICS,209.0
new_year,POLITICS,0.0
look_like,POLITICS,62.0
fashion_week,POLITICS,0.0
studi_find,POLITICS,0.0
super_bowl,POLITICS,0.0
morn_email,POLITICS,408.0
stephen_colbert,POLITICS,0.0
north_korea,POLITICS,89.0
kim_kardashian,POLITICS,0.0
ted_cruz,POLITICS,310.0
need_know,POLITICS,55.0
fox_news,POLITICS,118.0
taylor_swift,POLITICS,0.0
valentin_day,POLITICS,0.0
mother_day,POLITICS,0.0
paul_ryan,POLITICS,267.0
social_medium,POLITICS,0.0
photo_poll,POLITICS,0.0
sexual_assault,POLITICS,66.0
joe_biden,POLITICS,223.0
michell_obama,POLITICS,50.0
jimmi_kimmel,POLITICS,0.0
game_throne,POLITICS,0.0
trump_administr,POLITICS,203.0
red_carpet,POLITICS,0.0
high_school,POLITICS,0.0
open_letter,POLITICS,46.0
istar_war,POLITICS,0.0
mental_health,POLITICS,0.0
jimmi_fallon,POLITICS,0.0
trump_say,POLITICS,192.0
box_offic,POLITICS,0.0
york_citi,POLITICS,0.0
kate_middleton,POLITICS,0.0
north_carolina,POLITICS,123.0
sexual_harass,POLITICS,75.0
kany_west,POLITICS,0.0
week_photo,POLITICS,0.0
plan_parenthood,POLITICS,153.0
trevor_noah,POLITICS,0.0
marco_rubio,POLITICS,204.0
mike_penni,POLITICS,160.0
donald_trump,WEIRD NEWS,42.0
hillari_clinton,WEIRD NEWS,5.0
new_york,WEIRD NEWS,6.0
white_hous,WEIRD NEWS,5.0
berni_sander,WEIRD NEWS,0.0
suprem_court,WEIRD NEWS,0.0
health_care,WEIRD NEWS,0.0
climat_chang,WEIRD NEWS,0.0
new_year,WEIRD NEWS,5.0
look_like,WEIRD NEWS,11.0
fashion_week,WEIRD NEWS,0.0
studi_find,WEIRD NEWS,0.0
super_bowl,WEIRD NEWS,4.0
morn_email,WEIRD NEWS,0.0
stephen_colbert,WEIRD NEWS,0.0
north_korea,WEIRD NEWS,0.0
kim_kardashian,WEIRD NEWS,0.0
ted_cruz,WEIRD NEWS,0.0
need_know,WEIRD NEWS,0.0
fox_news,WEIRD NEWS,0.0
taylor_swift,WEIRD NEWS,3.0
valentin_day,WEIRD NEWS,0.0
mother_day,WEIRD NEWS,0.0
paul_ryan,WEIRD NEWS,0.0
social_medium,WEIRD NEWS,0.0
photo_poll,WEIRD NEWS,0.0
sexual_assault,WEIRD NEWS,0.0
joe_biden,WEIRD NEWS,0.0
michell_obama,WEIRD NEWS,0.0
jimmi_kimmel,WEIRD NEWS,0.0
game_throne,WEIRD NEWS,0.0
trump_administr,WEIRD NEWS,0.0
red_carpet,WEIRD NEWS,0.0
high_school,WEIRD NEWS,0.0
open_letter,WEIRD NEWS,0.0
istar_war,WEIRD NEWS,6.0
mental_health,WEIRD NEWS,0.0
jimmi_fallon,WEIRD NEWS,0.0
trump_say,WEIRD NEWS,0.0
box_offic,WEIRD NEWS,0.0
york_citi,WEIRD NEWS,3.0
kate_middleton,WEIRD NEWS,0.0
north_carolina,WEIRD NEWS,3.0
sexual_harass,WEIRD NEWS,0.0
kany_west,WEIRD NEWS,0.0
week_photo,WEIRD NEWS,0.0
plan_parenthood,WEIRD NEWS,0.0
trevor_noah,WEIRD NEWS,0.0
marco_rubio,WEIRD NEWS,0.0
mike_penni,WEIRD NEWS,0.0
donald_trump,ENVIRONMENT,0.0
hillari_clinton,ENVIRONMENT,0.0
new_york,ENVIRONMENT,15.0
white_hous,ENVIRONMENT,2.0
berni_sander,ENVIRONMENT,0.0
suprem_court,ENVIRONMENT,0.0
health_care,ENVIRONMENT,0.0
climat_chang,ENVIRONMENT,83.0
new_year,ENVIRONMENT,0.0
look_like,ENVIRONMENT,3.0
fashion_week,ENVIRONMENT,0.0
studi_find,ENVIRONMENT,5.0
super_bowl,ENVIRONMENT,7.0
morn_email,ENVIRONMENT,0.0
stephen_colbert,ENVIRONMENT,0.0
north_korea,ENVIRONMENT,0.0
kim_kardashian,ENVIRONMENT,0.0
ted_cruz,ENVIRONMENT,0.0
need_know,ENVIRONMENT,0.0
fox_news,ENVIRONMENT,0.0
taylor_swift,ENVIRONMENT,0.0
valentin_day,ENVIRONMENT,0.0
mother_day,ENVIRONMENT,6.0
paul_ryan,ENVIRONMENT,0.0
social_medium,ENVIRONMENT,0.0
photo_poll,ENVIRONMENT,0.0
sexual_assault,ENVIRONMENT,0.0
joe_biden,ENVIRONMENT,0.0
michell_obama,ENVIRONMENT,0.0
jimmi_kimmel,ENVIRONMENT,0.0
game_throne,ENVIRONMENT,0.0
trump_administr,ENVIRONMENT,0.0
red_carpet,ENVIRONMENT,0.0
high_school,ENVIRONMENT,0.0
open_letter,ENVIRONMENT,0.0
istar_war,ENVIRONMENT,0.0
mental_health,ENVIRONMENT,0.0
jimmi_fallon,ENVIRONMENT,0.0
trump_say,ENVIRONMENT,0.0
box_offic,ENVIRONMENT,0.0
york_citi,ENVIRONMENT,4.0
kate_middleton,ENVIRONMENT,0.0
north_carolina,ENVIRONMENT,0.0
sexual_harass,ENVIRONMENT,0.0
kany_west,ENVIRONMENT,0.0
week_photo,ENVIRONMENT,10.0
plan_parenthood,ENVIRONMENT,0.0
trevor_noah,ENVIRONMENT,0.0
marco_rubio,ENVIRONMENT,0.0
mike_penni,ENVIRONMENT,0.0
donald_trump,EDUCATION,3.0
hillari_clinton,EDUCATION,0.0
new_york,EDUCATION,8.0
white_hous,EDUCATION,3.0
berni_sander,EDUCATION,0.0
suprem_court,EDUCATION,0.0
health_care,EDUCATION,0.0
climat_chang,EDUCATION,0.0
new_year,EDUCATION,0.0
look_like,EDUCATION,3.0
fashion_week,EDUCATION,0.0
studi_find,EDUCATION,0.0
super_bowl,EDUCATION,0.0
morn_email,EDUCATION,0.0
stephen_colbert,EDUCATION,0.0
north_korea,EDUCATION,0.0
kim_kardashian,EDUCATION,0.0
ted_cruz,EDUCATION,0.0
need_know,EDUCATION,3.0
fox_news,EDUCATION,0.0
taylor_swift,EDUCATION,0.0
valentin_day,EDUCATION,0.0
mother_day,EDUCATION,2.0
paul_ryan,EDUCATION,0.0
social_medium,EDUCATION,0.0
photo_poll,EDUCATION,0.0
sexual_assault,EDUCATION,4.0
joe_biden,EDUCATION,0.0
michell_obama,EDUCATION,0.0
jimmi_kimmel,EDUCATION,0.0
game_throne,EDUCATION,0.0
trump_administr,EDUCATION,2.0
red_carpet,EDUCATION,0.0
high_school,EDUCATION,19.0
open_letter,EDUCATION,0.0
istar_war,EDUCATION,0.0
mental_health,EDUCATION,0.0
jimmi_fallon,EDUCATION,0.0
trump_say,EDUCATION,0.0
box_offic,EDUCATION,0.0
york_citi,EDUCATION,2.0
kate_middleton,EDUCATION,0.0
north_carolina,EDUCATION,0.0
sexual_harass,EDUCATION,2.0
kany_west,EDUCATION,0.0
week_photo,EDUCATION,0.0
plan_parenthood,EDUCATION,0.0
trevor_noah,EDUCATION,0.0
marco_rubio,EDUCATION,0.0
mike_penni,EDUCATION,0.0
donald_trump,CRIME,0.0
hillari_clinton,CRIME,0.0
new_york,CRIME,36.0
white_hous,CRIME,0.0
berni_sander,CRIME,0.0
suprem_court,CRIME,0.0
health_care,CRIME,0.0
climat_chang,CRIME,0.0
new_year,CRIME,9.0
look_like,CRIME,0.0
fashion_week,CRIME,0.0
studi_find,CRIME,0.0
super_bowl,CRIME,0.0
morn_email,CRIME,0.0
stephen_colbert,CRIME,0.0
north_korea,CRIME,0.0
kim_kardashian,CRIME,0.0
ted_cruz,CRIME,0.0
need_know,CRIME,0.0
fox_news,CRIME,0.0
taylor_swift,CRIME,0.0
valentin_day,CRIME,0.0
mother_day,CRIME,0.0
paul_ryan,CRIME,0.0
social_medium,CRIME,0.0
photo_poll,CRIME,0.0
sexual_assault,CRIME,23.0
joe_biden,CRIME,0.0
michell_obama,CRIME,0.0
jimmi_kimmel,CRIME,0.0
game_throne,CRIME,0.0
trump_administr,CRIME,0.0
red_carpet,CRIME,0.0
high_school,CRIME,26.0
open_letter,CRIME,0.0
istar_war,CRIME,0.0
mental_health,CRIME,0.0
jimmi_fallon,CRIME,0.0
trump_say,CRIME,0.0
box_offic,CRIME,0.0
york_citi,CRIME,11.0
kate_middleton,CRIME,0.0
north_carolina,CRIME,9.0
sexual_harass,CRIME,0.0
kany_west,CRIME,0.0
week_photo,CRIME,0.0
plan_parenthood,CRIME,9.0
trevor_noah,CRIME,0.0
marco_rubio,CRIME,0.0
mike_penni,CRIME,0.0
donald_trump,SCIENCE,0.0
hillari_clinton,SCIENCE,0.0
new_york,SCIENCE,0.0
white_hous,SCIENCE,0.0
berni_sander,SCIENCE,0.0
suprem_court,SCIENCE,0.0
health_care,SCIENCE,0.0
climat_chang,SCIENCE,22.0
new_year,SCIENCE,2.0
look_like,SCIENCE,7.0
fashion_week,SCIENCE,0.0
studi_find,SCIENCE,10.0
super_bowl,SCIENCE,0.0
morn_email,SCIENCE,0.0
stephen_colbert,SCIENCE,0.0
north_korea,SCIENCE,0.0
kim_kardashian,SCIENCE,0.0
ted_cruz,SCIENCE,0.0
need_know,SCIENCE,0.0
fox_news,SCIENCE,0.0
taylor_swift,SCIENCE,0.0
valentin_day,SCIENCE,0.0
mother_day,SCIENCE,0.0
paul_ryan,SCIENCE,0.0
social_medium,SCIENCE,0.0
photo_poll,SCIENCE,0.0
sexual_assault,SCIENCE,0.0
joe_biden,SCIENCE,0.0
michell_obama,SCIENCE,0.0
jimmi_kimmel,SCIENCE,0.0
game_throne,SCIENCE,0.0
trump_administr,SCIENCE,0.0
red_carpet,SCIENCE,0.0
high_school,SCIENCE,0.0
open_letter,SCIENCE,0.0
istar_war,SCIENCE,0.0
mental_health,SCIENCE,0.0
jimmi_fallon,SCIENCE,0.0
trump_say,SCIENCE,0.0
box_offic,SCIENCE,0.0
york_citi,SCIENCE,0.0
kate_middleton,SCIENCE,0.0
north_carolina,SCIENCE,0.0
sexual_harass,SCIENCE,0.0
kany_west,SCIENCE,0.0
week_photo,SCIENCE,0.0
plan_parenthood,SCIENCE,0.0
trevor_noah,SCIENCE,0.0
marco_rubio,SCIENCE,0.0
mike_penni,SCIENCE,0.0
donald_trump,WELLNESS,0.0
hillari_clinton,WELLNESS,0.0
new_york,WELLNESS,31.0
white_hous,WELLNESS,0.0
berni_sander,WELLNESS,0.0
suprem_court,WELLNESS,0.0
health_care,WELLNESS,94.0
climat_chang,WELLNESS,0.0
new_year,WELLNESS,136.0
look_like,WELLNESS,16.0
fashion_week,WELLNESS,0.0
studi_find,WELLNESS,274.0
super_bowl,WELLNESS,27.0
morn_email,WELLNESS,0.0
stephen_colbert,WELLNESS,0.0
north_korea,WELLNESS,0.0
kim_kardashian,WELLNESS,0.0
ted_cruz,WELLNESS,0.0
need_know,WELLNESS,32.0
fox_news,WELLNESS,0.0
taylor_swift,WELLNESS,0.0
valentin_day,WELLNESS,42.0
mother_day,WELLNESS,16.0
paul_ryan,WELLNESS,0.0
social_medium,WELLNESS,22.0
photo_poll,WELLNESS,0.0
sexual_assault,WELLNESS,0.0
joe_biden,WELLNESS,0.0
michell_obama,WELLNESS,0.0
jimmi_kimmel,WELLNESS,0.0
game_throne,WELLNESS,0.0
trump_administr,WELLNESS,0.0
red_carpet,WELLNESS,0.0
high_school,WELLNESS,0.0
open_letter,WELLNESS,0.0
istar_war,WELLNESS,0.0
mental_health,WELLNESS,69.0
jimmi_fallon,WELLNESS,0.0
trump_say,WELLNESS,0.0
box_offic,WELLNESS,0.0
york_citi,WELLNESS,15.0
kate_middleton,WELLNESS,0.0
north_carolina,WELLNESS,0.0
sexual_harass,WELLNESS,0.0
kany_west,WELLNESS,0.0
week_photo,WELLNESS,0.0
plan_parenthood,WELLNESS,0.0
trevor_noah,WELLNESS,0.0
marco_rubio,WELLNESS,0.0
mike_penni,WELLNESS,0.0
donald_trump,BUSINESS,34.0
hillari_clinton,BUSINESS,5.0
new_york,BUSINESS,38.0
white_hous,BUSINESS,0.0
berni_sander,BUSINESS,5.0
suprem_court,BUSINESS,0.0
health_care,BUSINESS,15.0
climat_chang,BUSINESS,16.0
new_year,BUSINESS,9.0
look_like,BUSINESS,6.0
fashion_week,BUSINESS,0.0
studi_find,BUSINESS,9.0
super_bowl,BUSINESS,13.0
morn_email,BUSINESS,0.0
stephen_colbert,BUSINESS,0.0
north_korea,BUSINESS,0.0
kim_kardashian,BUSINESS,0.0
ted_cruz,BUSINESS,0.0
need_know,BUSINESS,14.0
fox_news,BUSINESS,0.0
taylor_swift,BUSINESS,0.0
valentin_day,BUSINESS,0.0
mother_day,BUSINESS,0.0
paul_ryan,BUSINESS,5.0
social_medium,BUSINESS,17.0
photo_poll,BUSINESS,0.0
sexual_assault,BUSINESS,0.0
joe_biden,BUSINESS,0.0
michell_obama,BUSINESS,0.0
jimmi_kimmel,BUSINESS,0.0
game_throne,BUSINESS,0.0
trump_administr,BUSINESS,0.0
red_carpet,BUSINESS,0.0
high_school,BUSINESS,0.0
open_letter,BUSINESS,0.0
istar_war,BUSINESS,0.0
mental_health,BUSINESS,0.0
jimmi_fallon,BUSINESS,0.0
trump_say,BUSINESS,0.0
box_offic,BUSINESS,0.0
york_citi,BUSINESS,14.0
kate_middleton,BUSINESS,0.0
north_carolina,BUSINESS,6.0
sexual_harass,BUSINESS,13.0
kany_west,BUSINESS,0.0
week_photo,BUSINESS,0.0
plan_parenthood,BUSINESS,0.0
trevor_noah,BUSINESS,0.0
marco_rubio,BUSINESS,0.0
mike_penni,BUSINESS,0.0
donald_trump,STYLE & BEAUTY,0.0
hillari_clinton,STYLE & BEAUTY,25.0
new_york,STYLE & BEAUTY,198.0
white_hous,STYLE & BEAUTY,26.0
berni_sander,STYLE & BEAUTY,0.0
suprem_court,STYLE & BEAUTY,0.0
health_care,STYLE & BEAUTY,0.0
climat_chang,STYLE & BEAUTY,0.0
new_year,STYLE & BEAUTY,31.0
look_like,STYLE & BEAUTY,70.0
fashion_week,STYLE & BEAUTY,364.0
studi_find,STYLE & BEAUTY,0.0
super_bowl,STYLE & BEAUTY,17.0
morn_email,STYLE & BEAUTY,0.0
stephen_colbert,STYLE & BEAUTY,0.0
north_korea,STYLE & BEAUTY,0.0
kim_kardashian,STYLE & BEAUTY,124.0
ted_cruz,STYLE & BEAUTY,0.0
need_know,STYLE & BEAUTY,25.0
fox_news,STYLE & BEAUTY,0.0
taylor_swift,STYLE & BEAUTY,32.0
valentin_day,STYLE & BEAUTY,32.0
mother_day,STYLE & BEAUTY,21.0
paul_ryan,STYLE & BEAUTY,0.0
social_medium,STYLE & BEAUTY,0.0
photo_poll,STYLE & BEAUTY,304.0
sexual_assault,STYLE & BEAUTY,0.0
joe_biden,STYLE & BEAUTY,0.0
michell_obama,STYLE & BEAUTY,133.0
jimmi_kimmel,STYLE & BEAUTY,0.0
game_throne,STYLE & BEAUTY,0.0
trump_administr,STYLE & BEAUTY,0.0
red_carpet,STYLE & BEAUTY,136.0
high_school,STYLE & BEAUTY,0.0
open_letter,STYLE & BEAUTY,0.0
istar_war,STYLE & BEAUTY,0.0
mental_health,STYLE & BEAUTY,0.0
jimmi_fallon,STYLE & BEAUTY,0.0
trump_say,STYLE & BEAUTY,0.0
box_offic,STYLE & BEAUTY,0.0
york_citi,STYLE & BEAUTY,0.0
kate_middleton,STYLE & BEAUTY,191.0
north_carolina,STYLE & BEAUTY,0.0
sexual_harass,STYLE & BEAUTY,0.0
kany_west,STYLE & BEAUTY,35.0
week_photo,STYLE & BEAUTY,197.0
plan_parenthood,STYLE & BEAUTY,0.0
trevor_noah,STYLE & BEAUTY,0.0
marco_rubio,STYLE & BEAUTY,0.0
mike_penni,STYLE & BEAUTY,0.0
donald_trump,FOOD & DRINK,0.0
hillari_clinton,FOOD & DRINK,0.0
new_york,FOOD & DRINK,25.0
white_hous,FOOD & DRINK,0.0
berni_sander,FOOD & DRINK,0.0
suprem_court,FOOD & DRINK,0.0
health_care,FOOD & DRINK,0.0
climat_chang,FOOD & DRINK,0.0
new_year,FOOD & DRINK,26.0
look_like,FOOD & DRINK,14.0
fashion_week,FOOD & DRINK,0.0
studi_find,FOOD & DRINK,0.0
super_bowl,FOOD & DRINK,38.0
morn_email,FOOD & DRINK,0.0
stephen_colbert,FOOD & DRINK,0.0
north_korea,FOOD & DRINK,0.0
kim_kardashian,FOOD & DRINK,0.0
ted_cruz,FOOD & DRINK,0.0
need_know,FOOD & DRINK,18.0
fox_news,FOOD & DRINK,0.0
taylor_swift,FOOD & DRINK,0.0
valentin_day,FOOD & DRINK,39.0
mother_day,FOOD & DRINK,0.0
paul_ryan,FOOD & DRINK,0.0
social_medium,FOOD & DRINK,0.0
photo_poll,FOOD & DRINK,0.0
sexual_assault,FOOD & DRINK,0.0
joe_biden,FOOD & DRINK,0.0
michell_obama,FOOD & DRINK,0.0
jimmi_kimmel,FOOD & DRINK,0.0
game_throne,FOOD & DRINK,0.0
trump_administr,FOOD & DRINK,0.0
red_carpet,FOOD & DRINK,0.0
high_school,FOOD & DRINK,0.0
open_letter,FOOD & DRINK,0.0
istar_war,FOOD & DRINK,0.0
mental_health,FOOD & DRINK,0.0
jimmi_fallon,FOOD & DRINK,0.0
trump_say,FOOD & DRINK,0.0
box_offic,FOOD & DRINK,0.0
york_citi,FOOD & DRINK,9.0
kate_middleton,FOOD & DRINK,0.0
north_carolina,FOOD & DRINK,0.0
sexual_harass,FOOD & DRINK,0.0
kany_west,FOOD & DRINK,0.0
week_photo,FOOD & DRINK,0.0
plan_parenthood,FOOD & DRINK,0.0
trevor_noah,FOOD & DRINK,0.0
marco_rubio,FOOD & DRINK,0.0
mike_penni,FOOD & DRINK,0.0
donald_trump,MEDIA,204.0
hillari_clinton,MEDIA,24.0
new_york,MEDIA,102.0
white_hous,MEDIA,31.0
berni_sander,MEDIA,9.0
suprem_court,MEDIA,0.0
health_care,MEDIA,4.0
climat_chang,MEDIA,4.0
new_year,MEDIA,0.0
look_like,MEDIA,0.0
fashion_week,MEDIA,0.0
studi_find,MEDIA,0.0
super_bowl,MEDIA,0.0
morn_email,MEDIA,0.0
stephen_colbert,MEDIA,4.0
north_korea,MEDIA,0.0
kim_kardashian,MEDIA,0.0
ted_cruz,MEDIA,11.0
need_know,MEDIA,0.0
fox_news,MEDIA,150.0
taylor_swift,MEDIA,0.0
valentin_day,MEDIA,0.0
mother_day,MEDIA,0.0
paul_ryan,MEDIA,0.0
social_medium,MEDIA,12.0
photo_poll,MEDIA,0.0
sexual_assault,MEDIA,4.0
joe_biden,MEDIA,0.0
michell_obama,MEDIA,0.0
jimmi_kimmel,MEDIA,0.0
game_throne,MEDIA,0.0
trump_administr,MEDIA,0.0
red_carpet,MEDIA,0.0
high_school,MEDIA,0.0
open_letter,MEDIA,0.0
istar_war,MEDIA,0.0
mental_health,MEDIA,0.0
jimmi_fallon,MEDIA,0.0
trump_say,MEDIA,8.0
box_offic,MEDIA,0.0
york_citi,MEDIA,0.0
kate_middleton,MEDIA,0.0
north_carolina,MEDIA,0.0
sexual_harass,MEDIA,27.0
kany_west,MEDIA,0.0
week_photo,MEDIA,0.0
plan_parenthood,MEDIA,0.0
trevor_noah,MEDIA,4.0
marco_rubio,MEDIA,0.0
mike_penni,MEDIA,0.0
donald_trump,QUEER VOICES,46.0
hillari_clinton,QUEER VOICES,13.0
new_york,QUEER VOICES,52.0
white_hous,QUEER VOICES,11.0
berni_sander,QUEER VOICES,0.0
suprem_court,QUEER VOICES,41.0
health_care,QUEER VOICES,0.0
climat_chang,QUEER VOICES,0.0
new_year,QUEER VOICES,9.0
look_like,QUEER VOICES,0.0
fashion_week,QUEER VOICES,0.0
studi_find,QUEER VOICES,9.0
super_bowl,QUEER VOICES,0.0
morn_email,QUEER VOICES,0.0
stephen_colbert,QUEER VOICES,0.0
north_korea,QUEER VOICES,0.0
kim_kardashian,QUEER VOICES,0.0
ted_cruz,QUEER VOICES,0.0
need_know,QUEER VOICES,10.0
fox_news,QUEER VOICES,0.0
taylor_swift,QUEER VOICES,0.0
valentin_day,QUEER VOICES,0.0
mother_day,QUEER VOICES,16.0
paul_ryan,QUEER VOICES,0.0
social_medium,QUEER VOICES,10.0
photo_poll,QUEER VOICES,0.0
sexual_assault,QUEER VOICES,0.0
joe_biden,QUEER VOICES,0.0
michell_obama,QUEER VOICES,0.0
jimmi_kimmel,QUEER VOICES,0.0
game_throne,QUEER VOICES,0.0
trump_administr,QUEER VOICES,9.0
red_carpet,QUEER VOICES,0.0
high_school,QUEER VOICES,17.0
open_letter,QUEER VOICES,28.0
istar_war,QUEER VOICES,0.0
mental_health,QUEER VOICES,8.0
jimmi_fallon,QUEER VOICES,0.0
trump_say,QUEER VOICES,0.0
box_offic,QUEER VOICES,0.0
york_citi,QUEER VOICES,11.0
kate_middleton,QUEER VOICES,0.0
north_carolina,QUEER VOICES,36.0
sexual_harass,QUEER VOICES,0.0
kany_west,QUEER VOICES,0.0
week_photo,QUEER VOICES,0.0
plan_parenthood,QUEER VOICES,0.0
trevor_noah,QUEER VOICES,0.0
marco_rubio,QUEER VOICES,0.0
mike_penni,QUEER VOICES,16.0
donald_trump,HOME & LIVING,0.0
hillari_clinton,HOME & LIVING,0.0
new_york,HOME & LIVING,41.0
white_hous,HOME & LIVING,0.0
berni_sander,HOME & LIVING,0.0
suprem_court,HOME & LIVING,0.0
health_care,HOME & LIVING,0.0
climat_chang,HOME & LIVING,0.0
new_year,HOME & LIVING,24.0
look_like,HOME & LIVING,18.0
fashion_week,HOME & LIVING,0.0
studi_find,HOME & LIVING,0.0
super_bowl,HOME & LIVING,7.0
morn_email,HOME & LIVING,0.0
stephen_colbert,HOME & LIVING,0.0
north_korea,HOME & LIVING,0.0
kim_kardashian,HOME & LIVING,0.0
ted_cruz,HOME & LIVING,0.0
need_know,HOME & LIVING,7.0
fox_news,HOME & LIVING,0.0
taylor_swift,HOME & LIVING,0.0
valentin_day,HOME & LIVING,45.0
mother_day,HOME & LIVING,21.0
paul_ryan,HOME & LIVING,0.0
social_medium,HOME & LIVING,0.0
photo_poll,HOME & LIVING,0.0
sexual_assault,HOME & LIVING,0.0
joe_biden,HOME & LIVING,0.0
michell_obama,HOME & LIVING,0.0
jimmi_kimmel,HOME & LIVING,0.0
game_throne,HOME & LIVING,0.0
trump_administr,HOME & LIVING,0.0
red_carpet,HOME & LIVING,0.0
high_school,HOME & LIVING,0.0
open_letter,HOME & LIVING,0.0
istar_war,HOME & LIVING,0.0
mental_health,HOME & LIVING,0.0
jimmi_fallon,HOME & LIVING,0.0
trump_say,HOME & LIVING,0.0
box_offic,HOME & LIVING,0.0
york_citi,HOME & LIVING,17.0
kate_middleton,HOME & LIVING,9.0
north_carolina,HOME & LIVING,0.0
sexual_harass,HOME & LIVING,0.0
kany_west,HOME & LIVING,0.0
week_photo,HOME & LIVING,15.0
plan_parenthood,HOME & LIVING,0.0
trevor_noah,HOME & LIVING,0.0
marco_rubio,HOME & LIVING,0.0
mike_penni,HOME & LIVING,0.0
donald_trump,WOMEN,34.0
hillari_clinton,WOMEN,43.0
new_york,WOMEN,9.0
white_hous,WOMEN,4.0
berni_sander,WOMEN,6.0
suprem_court,WOMEN,0.0
health_care,WOMEN,5.0
climat_chang,WOMEN,0.0
new_year,WOMEN,0.0
look_like,WOMEN,11.0
fashion_week,WOMEN,0.0
studi_find,WOMEN,0.0
super_bowl,WOMEN,0.0
morn_email,WOMEN,0.0
stephen_colbert,WOMEN,0.0
north_korea,WOMEN,0.0
kim_kardashian,WOMEN,0.0
ted_cruz,WOMEN,0.0
need_know,WOMEN,6.0
fox_news,WOMEN,0.0
taylor_swift,WOMEN,4.0
valentin_day,WOMEN,9.0
mother_day,WOMEN,15.0
paul_ryan,WOMEN,0.0
social_medium,WOMEN,0.0
photo_poll,WOMEN,0.0
sexual_assault,WOMEN,70.0
joe_biden,WOMEN,7.0
michell_obama,WOMEN,5.0
jimmi_kimmel,WOMEN,0.0
game_throne,WOMEN,0.0
trump_administr,WOMEN,0.0
red_carpet,WOMEN,7.0
high_school,WOMEN,8.0
open_letter,WOMEN,14.0
istar_war,WOMEN,0.0
mental_health,WOMEN,0.0
jimmi_fallon,WOMEN,0.0
trump_say,WOMEN,0.0
box_offic,WOMEN,0.0
york_citi,WOMEN,0.0
kate_middleton,WOMEN,0.0
north_carolina,WOMEN,0.0
sexual_harass,WOMEN,31.0
kany_west,WOMEN,0.0
week_photo,WOMEN,0.0
plan_parenthood,WOMEN,33.0
trevor_noah,WOMEN,0.0
marco_rubio,WOMEN,0.0
mike_penni,WOMEN,0.0
donald_trump,BLACK VOICES,25.0
hillari_clinton,BLACK VOICES,12.0
new_york,BLACK VOICES,24.0
white_hous,BLACK VOICES,12.0
berni_sander,BLACK VOICES,0.0
suprem_court,BLACK VOICES,0.0
health_care,BLACK VOICES,0.0
climat_chang,BLACK VOICES,0.0
new_year,BLACK VOICES,0.0
look_like,BLACK VOICES,6.0
fashion_week,BLACK VOICES,0.0
studi_find,BLACK VOICES,0.0
super_bowl,BLACK VOICES,6.0
morn_email,BLACK VOICES,0.0
stephen_colbert,BLACK VOICES,0.0
north_korea,BLACK VOICES,0.0
kim_kardashian,BLACK VOICES,0.0
ted_cruz,BLACK VOICES,0.0
need_know,BLACK VOICES,0.0
fox_news,BLACK VOICES,0.0
taylor_swift,BLACK VOICES,0.0
valentin_day,BLACK VOICES,0.0
mother_day,BLACK VOICES,13.0
paul_ryan,BLACK VOICES,0.0
social_medium,BLACK VOICES,0.0
photo_poll,BLACK VOICES,0.0
sexual_assault,BLACK VOICES,0.0
joe_biden,BLACK VOICES,0.0
michell_obama,BLACK VOICES,19.0
jimmi_kimmel,BLACK VOICES,0.0
game_throne,BLACK VOICES,0.0
trump_administr,BLACK VOICES,0.0
red_carpet,BLACK VOICES,7.0
high_school,BLACK VOICES,19.0
open_letter,BLACK VOICES,14.0
istar_war,BLACK VOICES,0.0
mental_health,BLACK VOICES,0.0
jimmi_fallon,BLACK VOICES,0.0
trump_say,BLACK VOICES,0.0
box_offic,BLACK VOICES,6.0
york_citi,BLACK VOICES,8.0
kate_middleton,BLACK VOICES,0.0
north_carolina,BLACK VOICES,6.0
sexual_harass,BLACK VOICES,0.0
kany_west,BLACK VOICES,11.0
week_photo,BLACK VOICES,0.0
plan_parenthood,BLACK VOICES,0.0
trevor_noah,BLACK VOICES,6.0
marco_rubio,BLACK VOICES,0.0
mike_penni,BLACK VOICES,0.0
donald_trump,TRAVEL,0.0
hillari_clinton,TRAVEL,0.0
new_york,TRAVEL,95.0
white_hous,TRAVEL,0.0
berni_sander,TRAVEL,0.0
suprem_court,TRAVEL,0.0
health_care,TRAVEL,0.0
climat_chang,TRAVEL,0.0
new_year,TRAVEL,35.0
look_like,TRAVEL,18.0
fashion_week,TRAVEL,0.0
studi_find,TRAVEL,0.0
super_bowl,TRAVEL,17.0
morn_email,TRAVEL,0.0
stephen_colbert,TRAVEL,0.0
north_korea,TRAVEL,10.0
kim_kardashian,TRAVEL,0.0
ted_cruz,TRAVEL,0.0
need_know,TRAVEL,15.0
fox_news,TRAVEL,0.0
taylor_swift,TRAVEL,0.0
valentin_day,TRAVEL,20.0
mother_day,TRAVEL,0.0
paul_ryan,TRAVEL,0.0
social_medium,TRAVEL,0.0
photo_poll,TRAVEL,0.0
sexual_assault,TRAVEL,0.0
joe_biden,TRAVEL,0.0
michell_obama,TRAVEL,0.0
jimmi_kimmel,TRAVEL,0.0
game_throne,TRAVEL,0.0
trump_administr,TRAVEL,0.0
red_carpet,TRAVEL,0.0
high_school,TRAVEL,0.0
open_letter,TRAVEL,0.0
istar_war,TRAVEL,0.0
mental_health,TRAVEL,0.0
jimmi_fallon,TRAVEL,0.0
trump_say,TRAVEL,0.0
box_offic,TRAVEL,0.0
york_citi,TRAVEL,36.0
kate_middleton,TRAVEL,0.0
north_carolina,TRAVEL,0.0
sexual_harass,TRAVEL,0.0
kany_west,TRAVEL,0.0
week_photo,TRAVEL,0.0
plan_parenthood,TRAVEL,0.0
trevor_noah,TRAVEL,0.0
marco_rubio,TRAVEL,0.0
mike_penni,TRAVEL,0.0
donald_trump,MONEY,0.0
hillari_clinton,MONEY,0.0
new_york,MONEY,7.0
white_hous,MONEY,0.0
berni_sander,MONEY,0.0
suprem_court,MONEY,0.0
health_care,MONEY,19.0
climat_chang,MONEY,0.0
new_year,MONEY,9.0
look_like,MONEY,3.0
fashion_week,MONEY,0.0
studi_find,MONEY,5.0
super_bowl,MONEY,0.0
morn_email,MONEY,0.0
stephen_colbert,MONEY,0.0
north_korea,MONEY,0.0
kim_kardashian,MONEY,0.0
ted_cruz,MONEY,0.0
need_know,MONEY,9.0
fox_news,MONEY,0.0
taylor_swift,MONEY,0.0
valentin_day,MONEY,0.0
mother_day,MONEY,3.0
paul_ryan,MONEY,0.0
social_medium,MONEY,0.0
photo_poll,MONEY,0.0
sexual_assault,MONEY,0.0
joe_biden,MONEY,0.0
michell_obama,MONEY,0.0
jimmi_kimmel,MONEY,0.0
game_throne,MONEY,0.0
trump_administr,MONEY,0.0
red_carpet,MONEY,0.0
high_school,MONEY,0.0
open_letter,MONEY,0.0
istar_war,MONEY,0.0
mental_health,MONEY,0.0
jimmi_fallon,MONEY,0.0
trump_say,MONEY,0.0
box_offic,MONEY,0.0
york_citi,MONEY,0.0
kate_middleton,MONEY,0.0
north_carolina,MONEY,0.0
sexual_harass,MONEY,0.0
kany_west,MONEY,0.0
week_photo,MONEY,0.0
plan_parenthood,MONEY,0.0
trevor_noah,MONEY,0.0
marco_rubio,MONEY,0.0
mike_penni,MONEY,0.0
donald_trump,RELIGION,16.0
hillari_clinton,RELIGION,3.0
new_york,RELIGION,8.0
white_hous,RELIGION,6.0
berni_sander,RELIGION,0.0
suprem_court,RELIGION,0.0
health_care,RELIGION,3.0
climat_chang,RELIGION,5.0
new_year,RELIGION,8.0
look_like,RELIGION,6.0
fashion_week,RELIGION,0.0
studi_find,RELIGION,4.0
super_bowl,RELIGION,0.0
morn_email,RELIGION,0.0
stephen_colbert,RELIGION,0.0
north_korea,RELIGION,2.0
kim_kardashian,RELIGION,0.0
ted_cruz,RELIGION,0.0
need_know,RELIGION,0.0
fox_news,RELIGION,0.0
taylor_swift,RELIGION,0.0
valentin_day,RELIGION,0.0
mother_day,RELIGION,0.0
paul_ryan,RELIGION,0.0
social_medium,RELIGION,0.0
photo_poll,RELIGION,0.0
sexual_assault,RELIGION,0.0
joe_biden,RELIGION,0.0
michell_obama,RELIGION,0.0
jimmi_kimmel,RELIGION,0.0
game_throne,RELIGION,0.0
trump_administr,RELIGION,0.0
red_carpet,RELIGION,0.0
high_school,RELIGION,2.0
open_letter,RELIGION,11.0
istar_war,RELIGION,0.0
mental_health,RELIGION,0.0
jimmi_fallon,RELIGION,0.0
trump_say,RELIGION,0.0
box_offic,RELIGION,0.0
york_citi,RELIGION,4.0
kate_middleton,RELIGION,0.0
north_carolina,RELIGION,7.0
sexual_harass,RELIGION,0.0
kany_west,RELIGION,0.0
week_photo,RELIGION,0.0
plan_parenthood,RELIGION,0.0
trevor_noah,RELIGION,0.0
marco_rubio,RELIGION,0.0
mike_penni,RELIGION,0.0
donald_trump,LATINO VOICES,29.0
hillari_clinton,LATINO VOICES,5.0
new_york,LATINO VOICES,8.0
white_hous,LATINO VOICES,3.0
berni_sander,LATINO VOICES,0.0
suprem_court,LATINO VOICES,0.0
health_care,LATINO VOICES,3.0
climat_chang,LATINO VOICES,0.0
new_year,LATINO VOICES,2.0
look_like,LATINO VOICES,3.0
fashion_week,LATINO VOICES,0.0
studi_find,LATINO VOICES,0.0
super_bowl,LATINO VOICES,0.0
morn_email,LATINO VOICES,0.0
stephen_colbert,LATINO VOICES,0.0
north_korea,LATINO VOICES,0.0
kim_kardashian,LATINO VOICES,0.0
ted_cruz,LATINO VOICES,0.0
need_know,LATINO VOICES,2.0
fox_news,LATINO VOICES,0.0
taylor_swift,LATINO VOICES,0.0
valentin_day,LATINO VOICES,0.0
mother_day,LATINO VOICES,0.0
paul_ryan,LATINO VOICES,0.0
social_medium,LATINO VOICES,0.0
photo_poll,LATINO VOICES,0.0
sexual_assault,LATINO VOICES,0.0
joe_biden,LATINO VOICES,0.0
michell_obama,LATINO VOICES,0.0
jimmi_kimmel,LATINO VOICES,0.0
game_throne,LATINO VOICES,0.0
trump_administr,LATINO VOICES,0.0
red_carpet,LATINO VOICES,0.0
high_school,LATINO VOICES,2.0
open_letter,LATINO VOICES,4.0
istar_war,LATINO VOICES,0.0
mental_health,LATINO VOICES,0.0
jimmi_fallon,LATINO VOICES,0.0
trump_say,LATINO VOICES,0.0
box_offic,LATINO VOICES,0.0
york_citi,LATINO VOICES,3.0
kate_middleton,LATINO VOICES,0.0
north_carolina,LATINO VOICES,0.0
sexual_harass,LATINO VOICES,0.0
kany_west,LATINO VOICES,0.0
week_photo,LATINO VOICES,0.0
plan_parenthood,LATINO VOICES,3.0
trevor_noah,LATINO VOICES,0.0
marco_rubio,LATINO VOICES,3.0
mike_penni,LATINO VOICES,0.0
donald_trump,IMPACT,0.0
hillari_clinton,IMPACT,3.0
new_york,IMPACT,10.0
white_hous,IMPACT,7.0
berni_sander,IMPACT,0.0
suprem_court,IMPACT,0.0
health_care,IMPACT,15.0
climat_chang,IMPACT,17.0
new_year,IMPACT,9.0
look_like,IMPACT,0.0
fashion_week,IMPACT,0.0
studi_find,IMPACT,0.0
super_bowl,IMPACT,9.0
morn_email,IMPACT,0.0
stephen_colbert,IMPACT,0.0
north_korea,IMPACT,0.0
kim_kardashian,IMPACT,0.0
ted_cruz,IMPACT,0.0
need_know,IMPACT,0.0
fox_news,IMPACT,0.0
taylor_swift,IMPACT,0.0
valentin_day,IMPACT,5.0
mother_day,IMPACT,9.0
paul_ryan,IMPACT,0.0
social_medium,IMPACT,9.0
photo_poll,IMPACT,0.0
sexual_assault,IMPACT,8.0
joe_biden,IMPACT,0.0
michell_obama,IMPACT,0.0
jimmi_kimmel,IMPACT,0.0
game_throne,IMPACT,0.0
trump_administr,IMPACT,0.0
red_carpet,IMPACT,0.0
high_school,IMPACT,5.0
open_letter,IMPACT,6.0
istar_war,IMPACT,0.0
mental_health,IMPACT,17.0
jimmi_fallon,IMPACT,0.0
trump_say,IMPACT,0.0
box_offic,IMPACT,0.0
york_citi,IMPACT,5.0
kate_middleton,IMPACT,0.0
north_carolina,IMPACT,0.0
sexual_harass,IMPACT,0.0
kany_west,IMPACT,0.0
week_photo,IMPACT,0.0
plan_parenthood,IMPACT,3.0
trevor_noah,IMPACT,0.0
marco_rubio,IMPACT,0.0
mike_penni,IMPACT,0.0
donald_trump,WEDDINGS,0.0
hillari_clinton,WEDDINGS,0.0
new_york,WEDDINGS,8.0
white_hous,WEDDINGS,0.0
berni_sander,WEDDINGS,0.0
suprem_court,WEDDINGS,0.0
health_care,WEDDINGS,0.0
climat_chang,WEDDINGS,0.0
new_year,WEDDINGS,6.0
look_like,WEDDINGS,0.0
fashion_week,WEDDINGS,5.0
studi_find,WEDDINGS,7.0
super_bowl,WEDDINGS,7.0
morn_email,WEDDINGS,0.0
stephen_colbert,WEDDINGS,0.0
north_korea,WEDDINGS,0.0
kim_kardashian,WEDDINGS,0.0
ted_cruz,WEDDINGS,0.0
need_know,WEDDINGS,12.0
fox_news,WEDDINGS,0.0
taylor_swift,WEDDINGS,0.0
valentin_day,WEDDINGS,26.0
mother_day,WEDDINGS,0.0
paul_ryan,WEDDINGS,0.0
social_medium,WEDDINGS,16.0
photo_poll,WEDDINGS,0.0
sexual_assault,WEDDINGS,0.0
joe_biden,WEDDINGS,0.0
michell_obama,WEDDINGS,0.0
jimmi_kimmel,WEDDINGS,0.0
game_throne,WEDDINGS,5.0
trump_administr,WEDDINGS,0.0
red_carpet,WEDDINGS,0.0
high_school,WEDDINGS,8.0
open_letter,WEDDINGS,0.0
istar_war,WEDDINGS,0.0
mental_health,WEDDINGS,0.0
jimmi_fallon,WEDDINGS,0.0
trump_say,WEDDINGS,0.0
box_offic,WEDDINGS,0.0
york_citi,WEDDINGS,0.0
kate_middleton,WEDDINGS,0.0
north_carolina,WEDDINGS,0.0
sexual_harass,WEDDINGS,0.0
kany_west,WEDDINGS,0.0
week_photo,WEDDINGS,0.0
plan_parenthood,WEDDINGS,0.0
trevor_noah,WEDDINGS,0.0
marco_rubio,WEDDINGS,0.0
mike_penni,WEDDINGS,0.0
donald_trump,COLLEGE,6.0
hillari_clinton,COLLEGE,2.0
new_york,COLLEGE,6.0
white_hous,COLLEGE,0.0
berni_sander,COLLEGE,0.0
suprem_court,COLLEGE,0.0
health_care,COLLEGE,0.0
climat_chang,COLLEGE,0.0
new_year,COLLEGE,0.0
look_like,COLLEGE,2.0
fashion_week,COLLEGE,0.0
studi_find,COLLEGE,0.0
super_bowl,COLLEGE,0.0
morn_email,COLLEGE,0.0
stephen_colbert,COLLEGE,0.0
north_korea,COLLEGE,0.0
kim_kardashian,COLLEGE,0.0
ted_cruz,COLLEGE,0.0
need_know,COLLEGE,0.0
fox_news,COLLEGE,0.0
taylor_swift,COLLEGE,0.0
valentin_day,COLLEGE,0.0
mother_day,COLLEGE,0.0
paul_ryan,COLLEGE,0.0
social_medium,COLLEGE,3.0
photo_poll,COLLEGE,0.0
sexual_assault,COLLEGE,36.0
joe_biden,COLLEGE,2.0
michell_obama,COLLEGE,0.0
jimmi_kimmel,COLLEGE,0.0
game_throne,COLLEGE,0.0
trump_administr,COLLEGE,0.0
red_carpet,COLLEGE,0.0
high_school,COLLEGE,5.0
open_letter,COLLEGE,6.0
istar_war,COLLEGE,0.0
mental_health,COLLEGE,4.0
jimmi_fallon,COLLEGE,0.0
trump_say,COLLEGE,0.0
box_offic,COLLEGE,0.0
york_citi,COLLEGE,0.0
kate_middleton,COLLEGE,0.0
north_carolina,COLLEGE,0.0
sexual_harass,COLLEGE,5.0
kany_west,COLLEGE,0.0
week_photo,COLLEGE,0.0
plan_parenthood,COLLEGE,0.0
trevor_noah,COLLEGE,0.0
marco_rubio,COLLEGE,0.0
mike_penni,COLLEGE,0.0
donald_trump,PARENTS,7.0
hillari_clinton,PARENTS,9.0
new_york,PARENTS,6.0
white_hous,PARENTS,0.0
berni_sander,PARENTS,0.0
suprem_court,PARENTS,0.0
health_care,PARENTS,0.0
climat_chang,PARENTS,0.0
new_year,PARENTS,13.0
look_like,PARENTS,14.0
fashion_week,PARENTS,0.0
studi_find,PARENTS,0.0
super_bowl,PARENTS,0.0
morn_email,PARENTS,0.0
stephen_colbert,PARENTS,0.0
north_korea,PARENTS,0.0
kim_kardashian,PARENTS,0.0
ted_cruz,PARENTS,0.0
need_know,PARENTS,13.0
fox_news,PARENTS,0.0
taylor_swift,PARENTS,0.0
valentin_day,PARENTS,6.0
mother_day,PARENTS,48.0
paul_ryan,PARENTS,0.0
social_medium,PARENTS,10.0
photo_poll,PARENTS,0.0
sexual_assault,PARENTS,0.0
joe_biden,PARENTS,0.0
michell_obama,PARENTS,0.0
jimmi_kimmel,PARENTS,13.0
game_throne,PARENTS,0.0
trump_administr,PARENTS,0.0
red_carpet,PARENTS,0.0
high_school,PARENTS,6.0
open_letter,PARENTS,18.0
istar_war,PARENTS,14.0
mental_health,PARENTS,5.0
jimmi_fallon,PARENTS,0.0
trump_say,PARENTS,0.0
box_offic,PARENTS,0.0
york_citi,PARENTS,0.0
kate_middleton,PARENTS,0.0
north_carolina,PARENTS,0.0
sexual_harass,PARENTS,0.0
kany_west,PARENTS,0.0
week_photo,PARENTS,0.0
plan_parenthood,PARENTS,0.0
trevor_noah,PARENTS,0.0
marco_rubio,PARENTS,0.0
mike_penni,PARENTS,0.0
donald_trump,ARTS & CULTURE,30.0
hillari_clinton,ARTS & CULTURE,7.0
new_york,ARTS & CULTURE,16.0
white_hous,ARTS & CULTURE,0.0
berni_sander,ARTS & CULTURE,0.0
suprem_court,ARTS & CULTURE,0.0
health_care,ARTS & CULTURE,0.0
climat_chang,ARTS & CULTURE,2.0
new_year,ARTS & CULTURE,0.0
look_like,ARTS & CULTURE,4.0
fashion_week,ARTS & CULTURE,0.0
studi_find,ARTS & CULTURE,0.0
super_bowl,ARTS & CULTURE,0.0
morn_email,ARTS & CULTURE,0.0
stephen_colbert,ARTS & CULTURE,2.0
north_korea,ARTS & CULTURE,0.0
kim_kardashian,ARTS & CULTURE,0.0
ted_cruz,ARTS & CULTURE,0.0
need_know,ARTS & CULTURE,0.0
fox_news,ARTS & CULTURE,0.0
taylor_swift,ARTS & CULTURE,3.0
valentin_day,ARTS & CULTURE,0.0
mother_day,ARTS & CULTURE,0.0
paul_ryan,ARTS & CULTURE,0.0
social_medium,ARTS & CULTURE,0.0
photo_poll,ARTS & CULTURE,0.0
sexual_assault,ARTS & CULTURE,4.0
joe_biden,ARTS & CULTURE,0.0
michell_obama,ARTS & CULTURE,0.0
jimmi_kimmel,ARTS & CULTURE,0.0
game_throne,ARTS & CULTURE,4.0
trump_administr,ARTS & CULTURE,0.0
red_carpet,ARTS & CULTURE,0.0
high_school,ARTS & CULTURE,0.0
open_letter,ARTS & CULTURE,0.0
istar_war,ARTS & CULTURE,2.0
mental_health,ARTS & CULTURE,0.0
jimmi_fallon,ARTS & CULTURE,0.0
trump_say,ARTS & CULTURE,0.0
box_offic,ARTS & CULTURE,0.0
york_citi,ARTS & CULTURE,2.0
kate_middleton,ARTS & CULTURE,0.0
north_carolina,ARTS & CULTURE,0.0
sexual_harass,ARTS & CULTURE,0.0
kany_west,ARTS & CULTURE,3.0
week_photo,ARTS & CULTURE,0.0
plan_parenthood,ARTS & CULTURE,3.0
trevor_noah,ARTS & CULTURE,0.0
marco_rubio,ARTS & CULTURE,0.0
mike_penni,ARTS & CULTURE,0.0
donald_trump,STYLE,6.0
hillari_clinton,STYLE,8.0
new_york,STYLE,17.0
white_hous,STYLE,0.0
berni_sander,STYLE,0.0
suprem_court,STYLE,0.0
health_care,STYLE,0.0
climat_chang,STYLE,0.0
new_year,STYLE,6.0
look_like,STYLE,16.0
fashion_week,STYLE,35.0
studi_find,STYLE,0.0
super_bowl,STYLE,0.0
morn_email,STYLE,0.0
stephen_colbert,STYLE,0.0
north_korea,STYLE,0.0
kim_kardashian,STYLE,15.0
ted_cruz,STYLE,0.0
need_know,STYLE,4.0
fox_news,STYLE,0.0
taylor_swift,STYLE,9.0
valentin_day,STYLE,2.0
mother_day,STYLE,0.0
paul_ryan,STYLE,0.0
social_medium,STYLE,0.0
photo_poll,STYLE,0.0
sexual_assault,STYLE,0.0
joe_biden,STYLE,0.0
michell_obama,STYLE,8.0
jimmi_kimmel,STYLE,0.0
game_throne,STYLE,0.0
trump_administr,STYLE,0.0
red_carpet,STYLE,36.0
high_school,STYLE,0.0
open_letter,STYLE,0.0
istar_war,STYLE,0.0
mental_health,STYLE,0.0
jimmi_fallon,STYLE,0.0
trump_say,STYLE,0.0
box_offic,STYLE,0.0
york_citi,STYLE,0.0
kate_middleton,STYLE,0.0
north_carolina,STYLE,0.0
sexual_harass,STYLE,0.0
kany_west,STYLE,6.0
week_photo,STYLE,0.0
plan_parenthood,STYLE,0.0
trevor_noah,STYLE,0.0
marco_rubio,STYLE,0.0
mike_penni,STYLE,0.0
donald_trump,GREEN,8.0
hillari_clinton,GREEN,3.0
new_york,GREEN,13.0
white_hous,GREEN,0.0
berni_sander,GREEN,0.0
suprem_court,GREEN,0.0
health_care,GREEN,0.0
climat_chang,GREEN,142.0
new_year,GREEN,2.0
look_like,GREEN,3.0
fashion_week,GREEN,0.0
studi_find,GREEN,4.0
super_bowl,GREEN,0.0
morn_email,GREEN,0.0
stephen_colbert,GREEN,0.0
north_korea,GREEN,0.0
kim_kardashian,GREEN,0.0
ted_cruz,GREEN,0.0
need_know,GREEN,0.0
fox_news,GREEN,0.0
taylor_swift,GREEN,0.0
valentin_day,GREEN,0.0
mother_day,GREEN,0.0
paul_ryan,GREEN,0.0
social_medium,GREEN,0.0
photo_poll,GREEN,0.0
sexual_assault,GREEN,0.0
joe_biden,GREEN,0.0
michell_obama,GREEN,0.0
jimmi_kimmel,GREEN,0.0
game_throne,GREEN,0.0
trump_administr,GREEN,7.0
red_carpet,GREEN,0.0
high_school,GREEN,0.0
open_letter,GREEN,5.0
istar_war,GREEN,0.0
mental_health,GREEN,0.0
jimmi_fallon,GREEN,0.0
trump_say,GREEN,0.0
box_offic,GREEN,0.0
york_citi,GREEN,3.0
kate_middleton,GREEN,0.0
north_carolina,GREEN,0.0
sexual_harass,GREEN,0.0
kany_west,GREEN,0.0
week_photo,GREEN,0.0
plan_parenthood,GREEN,0.0
trevor_noah,GREEN,0.0
marco_rubio,GREEN,0.0
mike_penni,GREEN,0.0
donald_trump,TASTE,0.0
hillari_clinton,TASTE,3.0
new_york,TASTE,9.0
white_hous,TASTE,0.0
berni_sander,TASTE,0.0
suprem_court,TASTE,0.0
health_care,TASTE,0.0
climat_chang,TASTE,0.0
new_year,TASTE,7.0
look_like,TASTE,6.0
fashion_week,TASTE,0.0
studi_find,TASTE,0.0
super_bowl,TASTE,10.0
morn_email,TASTE,0.0
stephen_colbert,TASTE,0.0
north_korea,TASTE,0.0
kim_kardashian,TASTE,0.0
ted_cruz,TASTE,0.0
need_know,TASTE,5.0
fox_news,TASTE,0.0
taylor_swift,TASTE,0.0
valentin_day,TASTE,5.0
mother_day,TASTE,3.0
paul_ryan,TASTE,0.0
social_medium,TASTE,0.0
photo_poll,TASTE,0.0
sexual_assault,TASTE,0.0
joe_biden,TASTE,0.0
michell_obama,TASTE,0.0
jimmi_kimmel,TASTE,0.0
game_throne,TASTE,0.0
trump_administr,TASTE,0.0
red_carpet,TASTE,0.0
high_school,TASTE,0.0
open_letter,TASTE,0.0
istar_war,TASTE,0.0
mental_health,TASTE,0.0
jimmi_fallon,TASTE,0.0
trump_say,TASTE,0.0
box_offic,TASTE,0.0
york_citi,TASTE,4.0
kate_middleton,TASTE,0.0
north_carolina,TASTE,0.0
sexual_harass,TASTE,0.0
kany_west,TASTE,0.0
week_photo,TASTE,0.0
plan_parenthood,TASTE,0.0
trevor_noah,TASTE,0.0
marco_rubio,TASTE,0.0
mike_penni,TASTE,0.0
donald_trump,HEALTHY LIVING,6.0
hillari_clinton,HEALTHY LIVING,0.0
new_york,HEALTHY LIVING,13.0
white_hous,HEALTHY LIVING,0.0
berni_sander,HEALTHY LIVING,0.0
suprem_court,HEALTHY LIVING,0.0
health_care,HEALTHY LIVING,51.0
climat_chang,HEALTHY LIVING,0.0
new_year,HEALTHY LIVING,30.0
look_like,HEALTHY LIVING,11.0
fashion_week,HEALTHY LIVING,0.0
studi_find,HEALTHY LIVING,14.0
super_bowl,HEALTHY LIVING,0.0
morn_email,HEALTHY LIVING,0.0
stephen_colbert,HEALTHY LIVING,0.0
north_korea,HEALTHY LIVING,0.0
kim_kardashian,HEALTHY LIVING,0.0
ted_cruz,HEALTHY LIVING,0.0
need_know,HEALTHY LIVING,26.0
fox_news,HEALTHY LIVING,0.0
taylor_swift,HEALTHY LIVING,0.0
valentin_day,HEALTHY LIVING,0.0
mother_day,HEALTHY LIVING,8.0
paul_ryan,HEALTHY LIVING,0.0
social_medium,HEALTHY LIVING,11.0
photo_poll,HEALTHY LIVING,0.0
sexual_assault,HEALTHY LIVING,0.0
joe_biden,HEALTHY LIVING,0.0
michell_obama,HEALTHY LIVING,4.0
jimmi_kimmel,HEALTHY LIVING,0.0
game_throne,HEALTHY LIVING,0.0
trump_administr,HEALTHY LIVING,0.0
red_carpet,HEALTHY LIVING,0.0
high_school,HEALTHY LIVING,4.0
open_letter,HEALTHY LIVING,0.0
istar_war,HEALTHY LIVING,0.0
mental_health,HEALTHY LIVING,70.0
jimmi_fallon,HEALTHY LIVING,0.0
trump_say,HEALTHY LIVING,0.0
box_offic,HEALTHY LIVING,0.0
york_citi,HEALTHY LIVING,0.0
kate_middleton,HEALTHY LIVING,0.0
north_carolina,HEALTHY LIVING,0.0
sexual_harass,HEALTHY LIVING,0.0
kany_west,HEALTHY LIVING,0.0
week_photo,HEALTHY LIVING,0.0
plan_parenthood,HEALTHY LIVING,0.0
trevor_noah,HEALTHY LIVING,0.0
marco_rubio,HEALTHY LIVING,0.0
mike_penni,HEALTHY LIVING,0.0
donald_trump,THE WORLDPOST,55.0
hillari_clinton,THE WORLDPOST,0.0
new_york,THE WORLDPOST,5.0
white_hous,THE WORLDPOST,0.0
berni_sander,THE WORLDPOST,0.0
suprem_court,THE WORLDPOST,0.0
health_care,THE WORLDPOST,0.0
climat_chang,THE WORLDPOST,14.0
new_year,THE WORLDPOST,13.0
look_like,THE WORLDPOST,0.0
fashion_week,THE WORLDPOST,0.0
studi_find,THE WORLDPOST,0.0
super_bowl,THE WORLDPOST,0.0
morn_email,THE WORLDPOST,0.0
stephen_colbert,THE WORLDPOST,0.0
north_korea,THE WORLDPOST,102.0
kim_kardashian,THE WORLDPOST,0.0
ted_cruz,THE WORLDPOST,0.0
need_know,THE WORLDPOST,0.0
fox_news,THE WORLDPOST,0.0
taylor_swift,THE WORLDPOST,0.0
valentin_day,THE WORLDPOST,0.0
mother_day,THE WORLDPOST,0.0
paul_ryan,THE WORLDPOST,0.0
social_medium,THE WORLDPOST,13.0
photo_poll,THE WORLDPOST,0.0
sexual_assault,THE WORLDPOST,0.0
joe_biden,THE WORLDPOST,0.0
michell_obama,THE WORLDPOST,0.0
jimmi_kimmel,THE WORLDPOST,0.0
game_throne,THE WORLDPOST,0.0
trump_administr,THE WORLDPOST,0.0
red_carpet,THE WORLDPOST,0.0
high_school,THE WORLDPOST,0.0
open_letter,THE WORLDPOST,0.0
istar_war,THE WORLDPOST,0.0
mental_health,THE WORLDPOST,0.0
jimmi_fallon,THE WORLDPOST,0.0
trump_say,THE WORLDPOST,8.0
box_offic,THE WORLDPOST,0.0
york_citi,THE WORLDPOST,0.0
kate_middleton,THE WORLDPOST,0.0
north_carolina,THE WORLDPOST,0.0
sexual_harass,THE WORLDPOST,0.0
kany_west,THE WORLDPOST,0.0
week_photo,THE WORLDPOST,0.0
plan_parenthood,THE WORLDPOST,0.0
trevor_noah,THE WORLDPOST,0.0
marco_rubio,THE WORLDPOST,0.0
mike_penni,THE WORLDPOST,0.0
donald_trump,GOOD NEWS,0.0
hillari_clinton,GOOD NEWS,0.0
new_york,GOOD NEWS,5.0
white_hous,GOOD NEWS,3.0
berni_sander,GOOD NEWS,0.0
suprem_court,GOOD NEWS,0.0
health_care,GOOD NEWS,0.0
climat_chang,GOOD NEWS,0.0
new_year,GOOD NEWS,2.0
look_like,GOOD NEWS,0.0
fashion_week,GOOD NEWS,0.0
studi_find,GOOD NEWS,0.0
super_bowl,GOOD NEWS,0.0
morn_email,GOOD NEWS,0.0
stephen_colbert,GOOD NEWS,0.0
north_korea,GOOD NEWS,0.0
kim_kardashian,GOOD NEWS,0.0
ted_cruz,GOOD NEWS,0.0
need_know,GOOD NEWS,0.0
fox_news,GOOD NEWS,0.0
taylor_swift,GOOD NEWS,2.0
valentin_day,GOOD NEWS,3.0
mother_day,GOOD NEWS,0.0
paul_ryan,GOOD NEWS,0.0
social_medium,GOOD NEWS,0.0
photo_poll,GOOD NEWS,0.0
sexual_assault,GOOD NEWS,0.0
joe_biden,GOOD NEWS,0.0
michell_obama,GOOD NEWS,0.0
jimmi_kimmel,GOOD NEWS,0.0
game_throne,GOOD NEWS,0.0
trump_administr,GOOD NEWS,0.0
red_carpet,GOOD NEWS,0.0
high_school,GOOD NEWS,10.0
open_letter,GOOD NEWS,0.0
istar_war,GOOD NEWS,10.0
mental_health,GOOD NEWS,0.0
jimmi_fallon,GOOD NEWS,0.0
trump_say,GOOD NEWS,0.0
box_offic,GOOD NEWS,0.0
york_citi,GOOD NEWS,0.0
kate_middleton,GOOD NEWS,0.0
north_carolina,GOOD NEWS,0.0
sexual_harass,GOOD NEWS,0.0
kany_west,GOOD NEWS,0.0
week_photo,GOOD NEWS,0.0
plan_parenthood,GOOD NEWS,0.0
trevor_noah,GOOD NEWS,0.0
marco_rubio,GOOD NEWS,0.0
mike_penni,GOOD NEWS,0.0
donald_trump,WORLDPOST,2.0
hillari_clinton,WORLDPOST,0.0
new_york,WORLDPOST,0.0
white_hous,WORLDPOST,2.0
berni_sander,WORLDPOST,0.0
suprem_court,WORLDPOST,0.0
health_care,WORLDPOST,0.0
climat_chang,WORLDPOST,6.0
new_year,WORLDPOST,5.0
look_like,WORLDPOST,4.0
fashion_week,WORLDPOST,0.0
studi_find,WORLDPOST,0.0
super_bowl,WORLDPOST,0.0
morn_email,WORLDPOST,0.0
stephen_colbert,WORLDPOST,0.0
north_korea,WORLDPOST,8.0
kim_kardashian,WORLDPOST,0.0
ted_cruz,WORLDPOST,0.0
need_know,WORLDPOST,0.0
fox_news,WORLDPOST,0.0
taylor_swift,WORLDPOST,0.0
valentin_day,WORLDPOST,0.0
mother_day,WORLDPOST,0.0
paul_ryan,WORLDPOST,0.0
social_medium,WORLDPOST,0.0
photo_poll,WORLDPOST,0.0
sexual_assault,WORLDPOST,0.0
joe_biden,WORLDPOST,0.0
michell_obama,WORLDPOST,0.0
jimmi_kimmel,WORLDPOST,0.0
game_throne,WORLDPOST,0.0
trump_administr,WORLDPOST,0.0
red_carpet,WORLDPOST,0.0
high_school,WORLDPOST,0.0
open_letter,WORLDPOST,2.0
istar_war,WORLDPOST,0.0
mental_health,WORLDPOST,0.0
jimmi_fallon,WORLDPOST,0.0
trump_say,WORLDPOST,0.0
box_offic,WORLDPOST,0.0
york_citi,WORLDPOST,0.0
kate_middleton,WORLDPOST,0.0
north_carolina,WORLDPOST,0.0
sexual_harass,WORLDPOST,0.0
kany_west,WORLDPOST,0.0
week_photo,WORLDPOST,0.0
plan_parenthood,WORLDPOST,0.0
trevor_noah,WORLDPOST,0.0
marco_rubio,WORLDPOST,0.0
mike_penni,WORLDPOST,0.0
donald_trump,FIFTY,5.0
hillari_clinton,FIFTY,0.0
new_york,FIFTY,0.0
white_hous,FIFTY,0.0
berni_sander,FIFTY,0.0
suprem_court,FIFTY,0.0
health_care,FIFTY,2.0
climat_chang,FIFTY,0.0
new_year,FIFTY,3.0
look_like,FIFTY,0.0
fashion_week,FIFTY,0.0
studi_find,FIFTY,0.0
super_bowl,FIFTY,0.0
morn_email,FIFTY,0.0
stephen_colbert,FIFTY,0.0
north_korea,FIFTY,0.0
kim_kardashian,FIFTY,0.0
ted_cruz,FIFTY,0.0
need_know,FIFTY,5.0
fox_news,FIFTY,0.0
taylor_swift,FIFTY,0.0
valentin_day,FIFTY,4.0
mother_day,FIFTY,7.0
paul_ryan,FIFTY,0.0
social_medium,FIFTY,0.0
photo_poll,FIFTY,0.0
sexual_assault,FIFTY,0.0
joe_biden,FIFTY,0.0
michell_obama,FIFTY,0.0
jimmi_kimmel,FIFTY,0.0
game_throne,FIFTY,0.0
trump_administr,FIFTY,0.0
red_carpet,FIFTY,0.0
high_school,FIFTY,2.0
open_letter,FIFTY,2.0
istar_war,FIFTY,0.0
mental_health,FIFTY,0.0
jimmi_fallon,FIFTY,0.0
trump_say,FIFTY,0.0
box_offic,FIFTY,0.0
york_citi,FIFTY,0.0
kate_middleton,FIFTY,0.0
north_carolina,FIFTY,0.0
sexual_harass,FIFTY,0.0
kany_west,FIFTY,0.0
week_photo,FIFTY,0.0
plan_parenthood,FIFTY,0.0
trevor_noah,FIFTY,0.0
marco_rubio,FIFTY,0.0
mike_penni,FIFTY,0.0
donald_trump,ARTS,0.0
hillari_clinton,ARTS,0.0
new_york,ARTS,12.0
white_hous,ARTS,0.0
berni_sander,ARTS,0.0
suprem_court,ARTS,0.0
health_care,ARTS,0.0
climat_chang,ARTS,0.0
new_year,ARTS,0.0
look_like,ARTS,0.0
fashion_week,ARTS,0.0
studi_find,ARTS,0.0
super_bowl,ARTS,0.0
morn_email,ARTS,0.0
stephen_colbert,ARTS,0.0
north_korea,ARTS,0.0
kim_kardashian,ARTS,0.0
ted_cruz,ARTS,0.0
need_know,ARTS,0.0
fox_news,ARTS,0.0
taylor_swift,ARTS,0.0
valentin_day,ARTS,0.0
mother_day,ARTS,0.0
paul_ryan,ARTS,0.0
social_medium,ARTS,0.0
photo_poll,ARTS,0.0
sexual_assault,ARTS,0.0
joe_biden,ARTS,0.0
michell_obama,ARTS,0.0
jimmi_kimmel,ARTS,0.0
game_throne,ARTS,0.0
trump_administr,ARTS,0.0
red_carpet,ARTS,0.0
high_school,ARTS,0.0
open_letter,ARTS,0.0
istar_war,ARTS,0.0
mental_health,ARTS,0.0
jimmi_fallon,ARTS,0.0
trump_say,ARTS,0.0
box_offic,ARTS,0.0
york_citi,ARTS,3.0
kate_middleton,ARTS,0.0
north_carolina,ARTS,0.0
sexual_harass,ARTS,0.0
kany_west,ARTS,0.0
week_photo,ARTS,0.0
plan_parenthood,ARTS,0.0
trevor_noah,ARTS,0.0
marco_rubio,ARTS,0.0
mike_penni,ARTS,0.0
donald_trump,DIVORCE,0.0
hillari_clinton,DIVORCE,0.0
new_york,DIVORCE,5.0
white_hous,DIVORCE,0.0
berni_sander,DIVORCE,0.0
suprem_court,DIVORCE,0.0
health_care,DIVORCE,0.0
climat_chang,DIVORCE,0.0
new_year,DIVORCE,12.0
look_like,DIVORCE,0.0
fashion_week,DIVORCE,0.0
studi_find,DIVORCE,10.0
super_bowl,DIVORCE,0.0
morn_email,DIVORCE,0.0
stephen_colbert,DIVORCE,0.0
north_korea,DIVORCE,0.0
kim_kardashian,DIVORCE,22.0
ted_cruz,DIVORCE,0.0
need_know,DIVORCE,12.0
fox_news,DIVORCE,0.0
taylor_swift,DIVORCE,0.0
valentin_day,DIVORCE,15.0
mother_day,DIVORCE,17.0
paul_ryan,DIVORCE,0.0
social_medium,DIVORCE,12.0
photo_poll,DIVORCE,0.0
sexual_assault,DIVORCE,0.0
joe_biden,DIVORCE,0.0
michell_obama,DIVORCE,0.0
jimmi_kimmel,DIVORCE,0.0
game_throne,DIVORCE,0.0
trump_administr,DIVORCE,0.0
red_carpet,DIVORCE,0.0
high_school,DIVORCE,0.0
open_letter,DIVORCE,6.0
istar_war,DIVORCE,0.0
mental_health,DIVORCE,0.0
jimmi_fallon,DIVORCE,0.0
trump_say,DIVORCE,0.0
box_offic,DIVORCE,0.0
york_citi,DIVORCE,0.0
kate_middleton,DIVORCE,0.0
north_carolina,DIVORCE,0.0
sexual_harass,DIVORCE,0.0
kany_west,DIVORCE,0.0
week_photo,DIVORCE,0.0
plan_parenthood,DIVORCE,0.0
trevor_noah,DIVORCE,0.0
marco_rubio,DIVORCE,0.0
mike_penni,DIVORCE,0.0
donald_trump,TOTAL,4594.0
hillari_clinton,TOTAL,1321.0
new_york,TOTAL,1213.0
white_hous,TOTAL,867.0
berni_sander,TOTAL,699.0
suprem_court,TOTAL,677.0
health_care,TOTAL,653.0
climat_chang,TOTAL,587.0
new_year,TOTAL,528.0
look_like,TOTAL,459.0
fashion_week,TOTAL,426.0
studi_find,TOTAL,423.0
super_bowl,TOTAL,421.0
morn_email,TOTAL,408.0
stephen_colbert,TOTAL,401.0
north_korea,TOTAL,396.0
kim_kardashian,TOTAL,367.0
ted_cruz,TOTAL,361.0
need_know,TOTAL,345.0
fox_news,TOTAL,336.0
valentin_day,TOTAL,331.0
taylor_swift,TOTAL,331.0
mother_day,TOTAL,325.0
paul_ryan,TOTAL,312.0
social_medium,TOTAL,309.0
photo_poll,TOTAL,308.0
sexual_assault,TOTAL,290.0
joe_biden,TOTAL,271.0
michell_obama,TOTAL,267.0
jimmi_kimmel,TOTAL,266.0
game_throne,TOTAL,265.0
trump_administr,TOTAL,264.0
red_carpet,TOTAL,262.0
high_school,TOTAL,260.0
open_letter,TOTAL,259.0
istar_war,TOTAL,252.0
mental_health,TOTAL,247.0
jimmi_fallon,TOTAL,246.0
trump_say,TOTAL,245.0
box_offic,TOTAL,244.0
york_citi,TOTAL,239.0
kate_middleton,TOTAL,235.0
sexual_harass,TOTAL,234.0
north_carolina,TOTAL,234.0
kany_west,TOTAL,228.0
week_photo,TOTAL,228.0
plan_parenthood,TOTAL,227.0
trevor_noah,TOTAL,226.0
marco_rubio,TOTAL,217.0
mike_penni,TOTAL,212.0
